"agency","pmid","pmcid","isOpenAccess","found_terms","best_name"
"NIGMS NIH HHS","28977551","PMC5753245","Y","deposit","AAgMarker"
"NIGMS NIH HHS","27507885","PMC5210603","Y","upload","ADPriboDB"
"NIGMS NIH HHS","32765587","PMC7379852","Y",NA,"Analysis of Breast Cancer GWAS"
"NIGMS NIH HHS","23774715","PMC4162310","Y",NA,"Autism Brain Imaging Data Exchange"
"NIGMS NIH HHS","25378330","PMC4383918","Y",NA,"Binding MOAD"
"NIGMS NIH HHS","25516260","PMC4320512","Y","deposit","Bioclock"
"NIGMS NIH HHS","23087378","PMC3531193","Y","deposit","BioLiP"
"NIGMS NIH HHS","25414348","PMC4383975","Y",NA,"BioModels"
"NIGMS NIH HHS","24214957","PMC3964981","Y","upload, deposit","bNAber"
"NIGMS NIH HHS","24994456","PMC4094996","Y",NA,"BorreliaBase"
"NIGMS NIH HHS","27050421","PMC4822787","Y",NA,"C-terminome"
"NIGMS NIH HHS","25392415","PMC4383948","Y",NA,"Cancer3D"
"NIGMS NIH HHS","23794735","PMC3689437","Y","upload","CARLSBAD"
"NIGMS NIH HHS","27701074","PMC5210618","Y","deposit","CeNDR"
"NIGMS NIH HHS","23185041","PMC3531079","Y","upload","ChemProt-2.0"
"NIGMS NIH HHS","30486838","PMC6260756","Y","deposit","CHESS"
"NIGMS NIH HHS","23203874","PMC3531121","Y","upload","CIL-CCDB"
"NIGMS NIH HHS","25333826","PMC4340359","Y","upload","Complex Mixture Analysis by NMR"
"NIGMS NIH HHS","32890396","PMC7778948","Y","deposit","CoV3D"
"NIGMS NIH HHS","26602695","PMC4702907","Y",NA,"CRN"
"NIGMS NIH HHS","23172289","PMC3531180","Y",NA,"dictyBase"
"NIGMS NIH HHS","24225319","PMC3964992","Y","deposit","DNASU"
"NIGMS NIH HHS","25887129","PMC4407391","Y",NA,"dbVOR"
"NIGMS NIH HHS","25951377","PMC4423993","Y",NA,"DeTEXT"
"NIGMS NIH HHS","26019122","PMC4651833","Y","upload","DX"
"NIGMS NIH HHS","26030752","PMC4451068","Y","upload, deposit","DMD"
"NIGMS NIH HHS","26503248","PMC4702807","Y",NA,"dbMAE"
"NIGMS NIH HHS","26503254","PMC4702815","Y","deposit","Digital Development"
"NIGMS NIH HHS","26946289","PMC4779341","Y","deposit","dbPEC"
"NIGMS NIH HHS","27907889","PMC5210614","Y",NA,"denovo-db"
"NIGMS NIH HHS","30053267","PMC5753378","Y",NA,"dbCAN-seq"
"NIGMS NIH HHS","31612957","PMC7145614","Y","deposit, upload","DNAproDB"
"NIGMS NIH HHS","33119734","PMC7778963","Y",NA,"DescribePROT"
"NIGMS NIH HHS","33174603","PMC7779073","Y",NA,"Datanator"
"NIGMS NIH HHS","33995899","PMC8085783","Y","deposit, upload","DRscDB"
"NIGMS NIH HHS","21177656","PMC3013751","Y","upload","Gene Expression Barcode"
"NIGMS NIH HHS","22748121","PMC3472228","Y","upload","Genes2FANs"
"NIGMS NIH HHS","23143106","PMC3531154","Y","upload","EcoCyc"
"NIGMS NIH HHS","23197660","PMC3531124","Y","upload, deposit","EcoGene"
"NIGMS NIH HHS","23245398","PMC3500202","Y","upload","Genome-Wide Docking Database"
"NIGMS NIH HHS","23794736","PMC3689438","Y",NA,"ESCAPE"
"NIGMS NIH HHS","25399415","PMC4383962","Y",NA,"GenoBase"
"NIGMS NIH HHS","26780094","PMC4767623","Y",NA,"GenomeSpace"
"NIGMS NIH HHS","27141961","PMC4987924","Y","upload, deposit","Enrichr"
"NIGMS NIH HHS","30407583","PMC6323909","Y",NA,"FusionGDB"
"NIGMS NIH HHS","31642488","PMC7145592","Y",NA,"ExonSkipDB"
"NIGMS NIH HHS","22846459","PMC3483187","Y",NA,"HINT"
"NIGMS NIH HHS","23104379","PMC3531216","Y","deposit","GFDB"
"NIGMS NIH HHS","23118488","PMC3531206","Y",NA,"HEXEvent"
"NIGMS NIH HHS","30418591","PMC6323914","Y",NA,"HumanNet"
"NIGMS NIH HHS","33119754","PMC7779069","Y",NA,"HeRA"
"NIGMS NIH HHS","33125055","PMC7778921","Y",NA,"HbVar"
"NIGMS NIH HHS","33973408","PMC8111494","Y",NA,"hu.MAP"
"NIGMS NIH HHS","21177658","PMC3013743","Y","upload","IsoBase"
"NIGMS NIH HHS","22058127","PMC3244993","Y","deposit","MACiE"
"NIGMS NIH HHS","22096229","PMC3245097","Y",NA,"InterPro"
"NIGMS NIH HHS","22570419","PMC3394308","Y","deposit","LAHEDES"
"NIGMS NIH HHS","24194598","PMC3965086","Y",NA,"JASPAR"
"NIGMS NIH HHS","25707505","PMC4331710","Y","upload","IIIDB"
"NIGMS NIH HHS","26173699","PMC4502231","Y",NA,"IMG-ABC"
"NIGMS NIH HHS","26582920","PMC4702874","Y","deposit","iGNM"
"NIGMS NIH HHS","27789704","PMC5210651","Y","deposit, upload","KERIS"
"NIGMS NIH HHS","28592645","PMC5473744","Y","upload","ISVdb"
"NIGMS NIH HHS","30397019","PMC6325894","Y","upload","iProteinDB"
"NIGMS NIH HHS","30535108","PMC6344845","Y",NA,"InteracDome"
"NIGMS NIH HHS","22146221","PMC3245078","Y",NA,"MnM"
"NIGMS NIH HHS","22701463","PMC3371616","Y","upload","Medicago PhosphoProtein Database"
"NIGMS NIH HHS","23143105","PMC3531138","Y","deposit","MonarchBase"
"NIGMS NIH HHS","23875173","PMC3712543","Y","upload","MelanomaDB"
"NIGMS NIH HHS","25098325","PMC4123892","Y","upload","MediaDB"
"NIGMS NIH HHS","25378301","PMC4383922","Y",NA,"miRDB"
"NIGMS NIH HHS","25559128","PMC4304177","Y","deposit","MUFOLD-DB"
"NIGMS NIH HHS","26527726","PMC4702832","Y",NA,"MouseNet"
"NIGMS NIH HHS","26590264","PMC4702822","Y","deposit","MutationAligner"
"NIGMS NIH HHS","29126312","PMC5753212","Y",NA,"Met-DB"
"NIGMS NIH HHS","29155944","PMC5753374","Y",NA,"MIST"
"NIGMS NIH HHS","30268942","PMC6171536","Y",NA,"MiPanda"
"NIGMS NIH HHS","31679514","PMC6827219","Y","deposit, upload","MaveDB"
"NIGMS NIH HHS","31754718","PMC6943060","Y","upload","MiST"
"NIGMS NIH HHS","33174596","PMC7778944","Y",NA,"MitoCarta"
"NIGMS NIH HHS","22712730","PMC3444431","Y","deposit, upload","PeanutDB"
"NIGMS NIH HHS","22833564","PMC3442414","Y",NA,"NESdb"
"NIGMS NIH HHS","24271386","PMC3965123","Y",NA,"OnTheFly"
"NIGMS NIH HHS","24271398","PMC3965056","Y",NA,"NeXO"
"NIGMS NIH HHS","25102069","PMC4156235","Y","upload, deposit","Panorama"
"NIGMS NIH HHS","26476444","PMC4702783","Y","deposit","PDBe"
"NIGMS NIH HHS","26615193","PMC4702920","Y","deposit","PDBFlex"
"NIGMS NIH HHS","27152146","PMC4857245","Y",NA,"NCRO"
"NIGMS NIH HHS","29106626","PMC5753269","Y",NA,"PAMBD"
"NIGMS NIH HHS","31584092","PMC6943075","Y","deposit","PDBe-KB"
"NIGMS NIH HHS","21993301","PMC3245023","Y",NA,"Polbase"
"NIGMS NIH HHS","22086960","PMC3245149","Y",NA,"PrimerBank"
"NIGMS NIH HHS","23193263","PMC3531098","Y",NA,"PrePPI"
"NIGMS NIH HHS","23624946","PMC3889916","Y","deposit","PMP"
"NIGMS NIH HHS","24163250","PMC3965033","Y","deposit","RADAR--a"
"NIGMS NIH HHS","24304897","PMC3965042","Y",NA,"PPD"
"NIGMS NIH HHS","25392411","PMC4383924","Y",NA,"PyIgClassify"
"NIGMS NIH HHS","26112452","PMC4481079","Y","upload","PlantOrDB"
"NIGMS NIH HHS","29069441","PMC5753232","Y",NA,"PolyA_DB"
"NIGMS NIH HHS","29575358","PMC5980626","Y","deposit, upload","ProtaBank"
"NIGMS NIH HHS","30357353","PMC6323935","Y",NA,"piRTarBase"
"NIGMS NIH HHS","21472436","PMC3123456","Y","deposit","SBKB"
"NIGMS NIH HHS","22127861","PMC3245015","Y",NA,"RNA CoSSMos"
"NIGMS NIH HHS","22140105","PMC3245033","Y",NA,"ScerTF"
"NIGMS NIH HHS","24060102","PMC3766115","Y","upload","RegPrecise"
"NIGMS NIH HHS","24194593","PMC3965025","Y",NA,"SelenoDB"
"NIGMS NIH HHS","24271399","PMC3965090","Y",NA,"SFLD"
"NIGMS NIH HHS","25309735","PMC4184313","Y","deposit","SkateBase"
"NIGMS NIH HHS","25414355","PMC4383981","Y","upload","rrnDB"
"NIGMS NIH HHS","26527724","PMC4702833","Y","deposit, upload","RegulonDB"
"NIGMS NIH HHS","29222504","PMC5722888","Y","upload","RNA Structurome Database"
"NIGMS NIH HHS","29733404","PMC6030839","Y","upload","SPAR"
"NIGMS NIH HHS","30329093","PMC6323911","Y","upload","REDfly"
"NIGMS NIH HHS","32345346","PMC7187508","Y","deposit","REPIC"
"NIGMS NIH HHS","32785571","PMC7410354","Y","deposit","SELAdb"
"NIGMS NIH HHS","34514416","PMC8428296","Y","upload","SCISSOR"
"NIGMS NIH HHS","34844637","PMC8628444","Y","deposit","recount3"
"NIGMS NIH HHS","23118483","PMC3531166","Y","upload","Spliceosome"
"NIGMS NIH HHS","24223973","PMC3815155","Y",NA,"SWEETLEAD"
"NIGMS NIH HHS","24225317","PMC3964967","Y",NA,"TCDB"
"NIGMS NIH HHS","25392422","PMC4383946","Y",NA,"tRFdb"
"NIGMS NIH HHS","27188311","PMC4869249","Y","deposit","Structure Surfer"
"NIGMS NIH HHS","28985418","PMC5753376","Y","upload, deposit","SysteMHC"
"NIGMS NIH HHS","30871473","PMC6419456","Y",NA,"TADKB"
"NIGMS NIH HHS","31240309","PMC6954642","Y",NA,"TCR3d"
"NIGMS NIH HHS","21276248","PMC3042413","Y",NA,"ZFNGenome"
"NIGMS NIH HHS","22064863","PMC3245172","Y","deposit","EcoliWiki"
"NIGMS NIH HHS","22067444","PMC3245101","Y",NA,"zfishbook"
"NIGMS NIH HHS","22135298","PMC3245126","Y",NA,"PhosphoSitePlus"
"NIGMS NIH HHS","23226127","PMC3508475","Y","upload, deposit","UCLA Multimodal Connectivity Database"
"NIGMS NIH HHS","24243849","PMC3965113","Y","deposit, upload","P(3)DB"
"NIGMS NIH HHS","24285306","PMC3965092","Y","deposit","PortEco"
"NIGMS NIH HHS","25392405","PMC4383927","Y",NA,"non-human primate reference transcriptome resource"
"NIGMS NIH HHS","26227548","PMC4521349","Y",NA,"DOCKGROUND"
"NIGMS NIH HHS","26590254","PMC4702906","Y",NA,"UET"
"NIGMS NIH HHS","27899583","PMC5210533","Y",NA,"XTalkDB"
"NIGMS NIH HHS","33211851","PMC7779061","Y","deposit","WikiPathways"
"NIGMS NIH HHS","21447597","PMC3070428","Y",NA,"UniProtKB"
"NIGMS NIH HHS","23730305","PMC3657633","Y",NA,"SGR"
"NIGMS NIH HHS","24185695","PMC3964972","Y","deposit","NDB"
"NIGMS NIH HHS","24304899","PMC3965108","Y","deposit","SCOPe"
"NIGMS NIH HHS","26578587","PMC4702805","Y","upload","BioGPS"
"NIGMS NIH HHS","26590263","PMC4702889","Y",NA,"Lynx"
"NIGMS NIH HHS","27899622","PMC5210571","Y","deposit","UniProt"
"NIGMS NIH HHS","27924039","PMC5210654","Y","deposit","FlyRNAi"
"NIGMS NIH HHS","29059334","PMC5753197","Y",NA,"MetaCyc"
"NIGMS NIH HHS","30668832","PMC6419920","Y",NA,"DASHR"
"NIGMS NIH HHS","31665425","PMC7145579","Y",NA,"TFBSshape"
"NIGMS NIH HHS","32558264","PMC7496199","Y",NA,"PDB"
"NIGMS NIH HHS","32728249","PMC7410828","Y","deposit","ENCODE"
"NIGMS NIH HHS","33290552","PMC7779012","Y",NA,"GOC"
"NIGMS NIH HHS","33305318","PMC7778965","Y","deposit","PED"
"NIGMS NIH HHS","31701150","PMC7145643","Y","deposit","BioModels"
"NIGMS NIH HHS","30407596","PMC6324060","Y",NA,"Cancer3D"
"NIGMS NIH HHS","33270111","PMC7778937","Y",NA,"GENCODE"
"NIGMS NIH HHS","29145615","PMC5753337","Y",NA,"iPTMnet"
"NIGMS NIH HHS","31504780","PMC6943051","Y","deposit","miRDB"
"NIGMS NIH HHS","30053264","PMC5753257","Y","deposit","RMDB"
"NIGMS NIH HHS","26546518","PMC4702804","Y",NA,"TCDB"
"NIGMS NIH HHS","25514926","PMC4383998","Y",NA,"PhosphoSitePlus"
"NIGMS NIH HHS","24259431","PMC3964998","Y",NA,"VIOLIN"
"NIGMS NIH HHS","33237286","PMC7778908","Y","deposit","UniProtKB"
"NIGMS NIH HHS","25326323","PMC4384013","Y",NA,"CTD"
"NIGMS NIH HHS","23175613","PMC3531157","Y",NA,"BioGPS"
"NIGMS NIH HHS","24270788","PMC3965040","Y",NA,"Lynx"
"NIGMS NIH HHS","22067456","PMC3245182","Y","deposit, upload","FlyRNAi"
"NIGMS NIH HHS","22102576","PMC3245006","Y",NA,"MetaCyc"
"NIGMS NIH HHS","23042674","PMC3531107","Y","upload","LNCipedia"
"NIGMS NIH HHS","26553799","PMC4702848","Y",NA,"DASHR"
"NIGMS NIH HHS","24214955","PMC3964943","Y","upload","TFBSshape"
"NIGMS NIH HHS","27899567","PMC5210579","Y",NA,"GOC"
"NIGMS NIH HHS","25378335","PMC4383883","Y","upload","MeT-DB"
"NIGMS NIH HHS","26476458","PMC4702779","Y","deposit, upload","GlyTouCan"
"NIGMS NIH HHS","27899635","PMC5210578","Y",NA,"InterPro"
"NIGMS NIH HHS","27924014","PMC5210637","Y",NA,"STRING"
"NIGMS NIH HHS","30395289","PMC6323896","Y","deposit","PRIDE"
"NIGMS NIH HHS","22102590","PMC3245120","Y",NA,"UniProtKB"
"NIGMS NIH HHS","27651457","PMC5210612","Y","deposit","CTD"
"NIGMS NIH HHS","26578592","PMC4702852","Y",NA,"PANTHER"
"NIGMS NIH HHS","22127867","PMC3245098","Y",NA,"FlyBase"
"NIGMS NIH HHS","30395331","PMC6323945","Y",NA,"GOC"
"NIGMS NIH HHS","29106616","PMC5753262","Y",NA,"MODOMICS"
"NIGMS NIH HHS","33125071","PMC7779025","Y",NA,"GlyTouCan"
"NIGMS NIH HHS","30476243","PMC6323986","Y","upload","STRING"
"NIGMS NIH HHS","23161681","PMC3531094","Y",NA,"UniProtKB"
"NIGMS NIH HHS","24253303","PMC3965022","Y",NA,"UniProtKB"
"NIGMS NIH HHS","25348405","PMC4384041","Y",NA,"UniProtKB"
"NIGMS NIH HHS","23193289","PMC3531194","Y","upload, deposit","PANTHER"
"NIGMS NIH HHS","30395287","PMC6323992","Y",NA,"UniProtKB"
"NCI NIH HHS","32765587","PMC7379852","Y",NA,"Analysis of Breast Cancer GWAS"
"NCI NIH HHS","31586392","PMC6943053","Y",NA,"APAatlas"
"NCI NIH HHS","33037820","PMC7778977","Y",NA,"Bgee"
"NCI NIH HHS","24214957","PMC3964981","Y","upload, deposit","bNAber"
"NCI NIH HHS","34903605","PMC9189237","Y","upload","Cancer-Immu"
"NCI NIH HHS","25392415","PMC4383948","Y",NA,"Cancer3D"
"NCI NIH HHS","25190456","PMC4384000","Y",NA,"CCGD"
"NCI NIH HHS","26519468","PMC4702820","Y",NA,"ccmGDB"
"NCI NIH HHS","33086069","PMC7643325","Y",NA,"CellMiner-SCLC"
"NCI NIH HHS","30486838","PMC6260756","Y","deposit","CHESS"
"NCI NIH HHS","30202990","PMC6323922","Y",NA,"ChIPprimersDB"
"NCI NIH HHS","26450965","PMC4702939","Y",NA,"CircNet"
"NCI NIH HHS","23630576","PMC3632540","Y","deposit, upload","CMS"
"NCI NIH HHS","33095860","PMC7778916","Y","upload","CNCDatabase"
"NCI NIH HHS","23197658","PMC3531051","Y",NA,"DGA"
"NCI NIH HHS","23550061","PMC3625954","Y",NA,"curatedOvarianData"
"NCI NIH HHS","24122041","PMC3851581","Y",NA,"DGIdb"
"NCI NIH HHS","26503248","PMC4702807","Y",NA,"dbMAE"
"NCI NIH HHS","26503254","PMC4702815","Y","deposit","Digital Development"
"NCI NIH HHS","29485625","PMC5827688","Y","upload","Datasets2Tools"
"NCI NIH HHS","30371892","PMC6323925","Y",NA,"DrugCentral"
"NCI NIH HHS","33787872","PMC8011435","Y","upload","Drugmonizome"
"NCI NIH HHS","21177656","PMC3013751","Y","upload","Gene Expression Barcode"
"NCI NIH HHS","22110038","PMC3245038","Y","upload","GeneSigDB"
"NCI NIH HHS","26780094","PMC4767623","Y",NA,"GenomeSpace"
"NCI NIH HHS","27141961","PMC4987924","Y","upload, deposit","Enrichr"
"NCI NIH HHS","30407583","PMC6323909","Y",NA,"FusionGDB"
"NCI NIH HHS","31642488","PMC7145592","Y",NA,"ExonSkipDB"
"NCI NIH HHS","22165817","PMC3236847","Y",NA,"HOMER"
"NCI NIH HHS","22846459","PMC3483187","Y",NA,"HINT"
"NCI NIH HHS","23118488","PMC3531206","Y",NA,"HEXEvent"
"NCI NIH HHS","30247654","PMC6323890","Y","deposit","HACER"
"NCI NIH HHS","30418591","PMC6323914","Y",NA,"HumanNet"
"NCI NIH HHS","31509535","PMC6738582","Y","upload, deposit","GutFeelingKB"
"NCI NIH HHS","22570419","PMC3394308","Y","deposit","LAHEDES"
"NCI NIH HHS","29136207","PMC5753188","Y",NA,"LinkedOmics"
"NCI NIH HHS","30535108","PMC6344845","Y",NA,"InteracDome"
"NCI NIH HHS","25332399","PMC4384039","Y","upload","MTB"
"NCI NIH HHS","26590264","PMC4702822","Y","deposit","MutationAligner"
"NCI NIH HHS","27907895","PMC5210621","Y",NA,"mutLBSgeneDB"
"NCI NIH HHS","29126312","PMC5753212","Y",NA,"Met-DB"
"NCI NIH HHS","29155944","PMC5753374","Y",NA,"MIST"
"NCI NIH HHS","30268942","PMC6171536","Y",NA,"MiPanda"
"NCI NIH HHS","32986834","PMC7778927","Y",NA,"ModelSEED"
"NCI NIH HHS","33174596","PMC7778944","Y",NA,"MitoCarta"
"NCI NIH HHS","33514395","PMC7845113","Y",NA,"MPM"
"NCI NIH HHS","34349127","PMC8338996","Y",NA,"MiREDiBase"
"NCI NIH HHS","24271386","PMC3965123","Y",NA,"OnTheFly"
"NCI NIH HHS","25102069","PMC4156235","Y","upload, deposit","Panorama"
"NCI NIH HHS","25527095","PMC4410657","Y","upload","NetGestalt"
"NCI NIH HHS","26072489","PMC4553834","Y",NA,"PAGER"
"NCI NIH HHS","26578589","PMC4702855","Y",NA,"ORegAnno"
"NCI NIH HHS","27152146","PMC4857245","Y",NA,"NCRO"
"NCI NIH HHS","31584092","PMC6943075","Y","deposit","PDBe-KB"
"NCI NIH HHS","31647099","PMC7145667","Y",NA,"Pathway Commons"
"NCI NIH HHS","33245774","PMC7778959","Y","upload","PAGER-CoV"
"NCI NIH HHS","23193263","PMC3531098","Y",NA,"PrePPI"
"NCI NIH HHS","24304897","PMC3965042","Y",NA,"PPD"
"NCI NIH HHS","27789569","PMC5391733","Y","upload","PMKB"
"NCI NIH HHS","29077937","PMC5753353","Y",NA,"PICKLES"
"NCI NIH HHS","24194593","PMC3965025","Y",NA,"SelenoDB"
"NCI NIH HHS","27377064","PMC4932684","Y",NA,"RID"
"NCI NIH HHS","29059366","PMC5753260","Y",NA,"SBCDDB"
"NCI NIH HHS","32345346","PMC7187508","Y","deposit","REPIC"
"NCI NIH HHS","22121217","PMC3245064","Y","deposit, upload","Stem Cell Discovery Engine"
"NCI NIH HHS","25392422","PMC4383946","Y",NA,"tRFdb"
"NCI NIH HHS","27168721","PMC4856228","Y",NA,"TCCR"
"NCI NIH HHS","27733502","PMC5210619","Y","deposit","SZGR"
"NCI NIH HHS","28985418","PMC5753376","Y","upload, deposit","SysteMHC"
"NCI NIH HHS","29036590","PMC5753286","Y",NA,"TissGDB"
"NCI NIH HHS","30053266","PMC5753254","Y",NA,"TC3A"
"NCI NIH HHS","33156327","PMC7778974","Y",NA,"TCRD"
"NCI NIH HHS","21276248","PMC3042413","Y",NA,"ZFNGenome"
"NCI NIH HHS","22135298","PMC3245126","Y",NA,"PhosphoSitePlus"
"NCI NIH HHS","23066107","PMC3531050","Y",NA,"TSGene"
"NCI NIH HHS","23110975","PMC3483533","Y","upload","MGI"
"NCI NIH HHS","26590259","PMC4702902","Y","upload","UCSC Genome Browser"
"NCI NIH HHS","27789702","PMC5210658","Y",NA,"Cistrome"
"NCI NIH HHS","30462313","PMC6324081","Y","upload","Cistrome DB"
"NCI NIH HHS","27794042","PMC5210513","Y","deposit","RCSB PDB"
"NCI NIH HHS","27924039","PMC5210654","Y","deposit","FlyRNAi"
"NCI NIH HHS","31691815","PMC7145712","Y",NA,"Reactome"
"NCI NIH HHS","32728249","PMC7410828","Y","deposit","ENCODE"
"NCI NIH HHS","33290552","PMC7779012","Y",NA,"GOC"
"NCI NIH HHS","33849445","PMC8045306","Y",NA,"TANTIGEN"
"NCI NIH HHS","33151287","PMC7779058","Y",NA,"DrugCentral"
"NCI NIH HHS","25514926","PMC4383998","Y",NA,"PhosphoSitePlus"
"NCI NIH HHS","26590405","PMC4702895","Y",NA,"TSGene"
"NCI NIH HHS","29136208","PMC5753241","Y",NA,"MPD"
"NCI NIH HHS","25414341","PMC4383959","Y","deposit","IPD"
"NCI NIH HHS","33290554","PMC7778891","Y","upload","PANTHER"
"NCI NIH HHS","27899562","PMC5210557","Y","deposit","ChEMBL"
"NCI NIH HHS","24163257","PMC3965015","Y",NA,"GXD"
"NCI NIH HHS","27587585","PMC5210607","Y","upload","REDIportal"
"NCI NIH HHS","25378335","PMC4383883","Y","upload","MeT-DB"
"NCI NIH HHS","24285300","PMC3964950","Y","upload","MGD"
"NCI NIH HHS","25428374","PMC4383971","Y","upload","UCSC Genome Browser"
"NCI NIH HHS","25348401","PMC4384027","Y","upload","MGD"
"NCI NIH HHS","26578600","PMC4702860","Y",NA,"MGD"
"NCI NIH HHS","27899570","PMC5210536","Y","upload","MGD"
"NCI NIH HHS","29092072","PMC5753350","Y","upload","MGD"
"NHGRI NIH HHS","30371900","PMC6323951","Y",NA,"Ancestral Genomes"
"NHGRI NIH HHS","21233089","PMC3021793","Y",NA,"BIND"
"NHGRI NIH HHS","29126148","PMC5753299","Y",NA,"CCDS"
"NHGRI NIH HHS","22140108","PMC3245046","Y","deposit","CharProtDB"
"NHGRI NIH HHS","30486838","PMC6260756","Y","deposit","CHESS"
"NHGRI NIH HHS","23172289","PMC3531180","Y",NA,"dictyBase"
"NHGRI NIH HHS","24122041","PMC3851581","Y",NA,"DGIdb"
"NHGRI NIH HHS","27766955","PMC5073857","Y",NA,"e-GRASP"
"NHGRI NIH HHS","27907889","PMC5210614","Y",NA,"denovo-db"
"NHGRI NIH HHS","31612957","PMC7145614","Y","deposit, upload","DNAproDB"
"NHGRI NIH HHS","33995899","PMC8085783","Y","deposit, upload","DRscDB"
"NHGRI NIH HHS","22110038","PMC3245038","Y","upload","GeneSigDB"
"NHGRI NIH HHS","23161689","PMC3531167","Y",NA,"GeneTack"
"NHGRI NIH HHS","23203885","PMC3531197","Y",NA,"factorbook"
"NHGRI NIH HHS","24243844","PMC3965074","Y","deposit","FireDB"
"NHGRI NIH HHS","26780094","PMC4767623","Y",NA,"GenomeSpace"
"NHGRI NIH HHS","27664130","PMC5035502","Y",NA,"ENVO"
"NHGRI NIH HHS","30357393","PMC6323946","Y",NA,"GENCODE"
"NHGRI NIH HHS","22064851","PMC3245002","Y",NA,"HaploReg"
"NHGRI NIH HHS","22123736","PMC3245010","Y",NA,"GOA"
"NHGRI NIH HHS","24217912","PMC3965098","Y","upload","HPO"
"NHGRI NIH HHS","26673694","PMC4702915","Y",NA,"GtRNAdb"
"NHGRI NIH HHS","30445434","PMC6323933","Y","deposit","GWAS"
"NHGRI NIH HHS","34859531","PMC9160216","Y","deposit","gnomAD"
"NHGRI NIH HHS","22792232","PMC3390314","Y",NA,"Integrated Microbial Genomes and Metagenomes"
"NHGRI NIH HHS","21856757","PMC3170170","Y","deposit, upload","modENCODE"
"NHGRI NIH HHS","22080565","PMC3245176","Y","upload","modMine"
"NHGRI NIH HHS","22140101","PMC3245019","Y",NA,"MethylomeDB"
"NHGRI NIH HHS","24203705","PMC3964974","Y",NA,"MetaRef"
"NHGRI NIH HHS","26656948","PMC4702923","Y","upload","MG-RAST"
"NHGRI NIH HHS","29155944","PMC5753374","Y",NA,"MIST"
"NHGRI NIH HHS","31679514","PMC6827219","Y","deposit, upload","MaveDB"
"NHGRI NIH HHS","25428349","PMC4383985","Y",NA,"OMIM"
"NHGRI NIH HHS","26578589","PMC4702855","Y",NA,"ORegAnno"
"NHGRI NIH HHS","31647099","PMC7145667","Y",NA,"Pathway Commons"
"NHGRI NIH HHS","21624156","PMC3102890","Y",NA,"PHARE-KB"
"NHGRI NIH HHS","23378291","PMC3627299","Y","upload","PhenoDB"
"NHGRI NIH HHS","24163250","PMC3965033","Y","deposit","RADAR--a"
"NHGRI NIH HHS","27799469","PMC5210633","Y","upload","Plant Reactome"
"NHGRI NIH HHS","28862395","PMC5832521","Y",NA,"PMS_DN"
"NHGRI NIH HHS","22140105","PMC3245033","Y",NA,"ScerTF"
"NHGRI NIH HHS","23203869","PMC3531078","Y","deposit","SIFTS"
"NHGRI NIH HHS","26097510","PMC4471313","Y","deposit, upload","SANCDB"
"NHGRI NIH HHS","29040625","PMC5753368","Y",NA,"RISE"
"NHGRI NIH HHS","32345346","PMC7187508","Y","deposit","REPIC"
"NHGRI NIH HHS","22140109","PMC3245047","Y","deposit","TAIR"
"NHGRI NIH HHS","23197656","PMC3531188","Y",NA,"TIGRFAMs"
"NHGRI NIH HHS","26516187","PMC4702809","Y","deposit","SynLethDB"
"NHGRI NIH HHS","30053266","PMC5753254","Y",NA,"TC3A"
"NHGRI NIH HHS","34154643","PMC8215825","Y",NA,"TE Hub"
"NHGRI NIH HHS","22067444","PMC3245101","Y",NA,"zfishbook"
"NHGRI NIH HHS","22075990","PMC3245042","Y",NA,"MGD"
"NHGRI NIH HHS","22080546","PMC3244996","Y","deposit","International Nucleotide Sequence Database Collaboration"
"NHGRI NIH HHS","22736877","PMC3377363","Y",NA,"KB"
"NHGRI NIH HHS","23110975","PMC3483533","Y","upload","MGI"
"NHGRI NIH HHS","24194600","PMC3964955","Y","upload","IMPC"
"NHGRI NIH HHS","24267744","PMC4177199","Y",NA,"VTO"
"NHGRI NIH HHS","25348409","PMC4383880","Y",NA,"Human Disease Ontology"
"NHGRI NIH HHS","25378322","PMC4383892","Y","deposit, upload","UniPROBE"
"NHGRI NIH HHS","25392405","PMC4383927","Y",NA,"non-human primate reference transcriptome resource"
"NHGRI NIH HHS","26590259","PMC4702902","Y","upload","UCSC Genome Browser"
"NHGRI NIH HHS","30462313","PMC6324081","Y","upload","Cistrome DB"
"NHGRI NIH HHS","21447597","PMC3070428","Y",NA,"UniProtKB"
"NHGRI NIH HHS","22102583","PMC3245053","Y",NA,"MPD"
"NHGRI NIH HHS","22110037","PMC3245034","Y",NA,"SGD"
"NHGRI NIH HHS","23074187","PMC3531097","Y",NA,"ZFIN"
"NHGRI NIH HHS","23203987","PMC3531136","Y","upload","Ensembl"
"NHGRI NIH HHS","23245209","PMC3437568","Y",NA,"HGNC"
"NHGRI NIH HHS","24007337","PMC3844568","Y",NA,"GRASP"
"NHGRI NIH HHS","24234449","PMC3964969","Y","upload","FlyBase"
"NHGRI NIH HHS","25352543","PMC4384043","Y","deposit","RNAcentral"
"NHGRI NIH HHS","26612867","PMC4702899","Y",NA,"Dfam"
"NHGRI NIH HHS","27794045","PMC5210666","Y",NA,"FANTOM5"
"NHGRI NIH HHS","27899622","PMC5210571","Y","deposit","UniProt"
"NHGRI NIH HHS","29069475","PMC5753224","Y",NA,"APPRIS"
"NHGRI NIH HHS","29077884","PMC5753236","Y","upload","HEDD"
"NHGRI NIH HHS","29112718","PMC5753348","Y",NA,"Rfam"
"NHGRI NIH HHS","29145643","PMC5753285","Y",NA,"MEROPS"
"NHGRI NIH HHS","31642470","PMC7145598","Y","upload, deposit","WormBase"
"NHGRI NIH HHS","31665425","PMC7145579","Y",NA,"TFBSshape"
"NHGRI NIH HHS","31691815","PMC7145712","Y",NA,"Reactome"
"NHGRI NIH HHS","32728249","PMC7410828","Y","deposit","ENCODE"
"NHGRI NIH HHS","33021634","PMC7778995","Y","upload","NDB"
"NHGRI NIH HHS","33261662","PMC7709417","Y",NA,"dbNSFP"
"NHGRI NIH HHS","33290552","PMC7779012","Y",NA,"GOC"
"NHGRI NIH HHS","33270111","PMC7778937","Y",NA,"GENCODE"
"NHGRI NIH HHS","25378336","PMC4383930","Y",NA,"GOA"
"NHGRI NIH HHS","31584097","PMC6943028","Y",NA,"IGSR"
"NHGRI NIH HHS","31680153","PMC7145600","Y","upload","Plant Reactome"
"NHGRI NIH HHS","23175610","PMC3531104","Y","upload","MGD"
"NHGRI NIH HHS","26481351","PMC4702781","Y",NA,"Expression Atlas"
"NHGRI NIH HHS","33221922","PMC7779060","Y",NA,"UCSC Genome Browser"
"NHGRI NIH HHS","24217918","PMC3964986","Y","upload","Gramene"
"NHGRI NIH HHS","33237286","PMC7778908","Y","deposit","UniProtKB"
"NHGRI NIH HHS","23487186","PMC3595989","Y",NA,"SGD"
"NHGRI NIH HHS","27899582","PMC5210580","Y",NA,"ZFIN"
"NHGRI NIH HHS","24316576","PMC3964975","Y","upload","Ensembl"
"NHGRI NIH HHS","30304474","PMC6324057","Y",NA,"HGNC"
"NHGRI NIH HHS","33290554","PMC7778891","Y","upload","PANTHER"
"NHGRI NIH HHS","26935103","PMC4826978","Y",NA,"FlyBase"
"NHGRI NIH HHS","21672956","PMC3125807","Y",NA,"BioPortal"
"NHGRI NIH HHS","27794554","PMC5210518","Y",NA,"RNAcentral"
"NHGRI NIH HHS","33436076","PMC7805219","Y","upload","Dfam"
"NHGRI NIH HHS","30357350","PMC6324024","Y","deposit","Pfam"
"NHGRI NIH HHS","23161672","PMC3531113","Y",NA,"APPRIS"
"NHGRI NIH HHS","22067452","PMC3245152","Y",NA,"WormBase"
"NHGRI NIH HHS","24214955","PMC3964943","Y","upload","TFBSshape"
"NHGRI NIH HHS","31713622","PMC7061942","Y","deposit","ENCODE"
"NHGRI NIH HHS","23193272","PMC3531147","Y","deposit","ArrayExpress"
"NHGRI NIH HHS","21520341","PMC3145015","Y",NA,"dbNSFP"
"NHGRI NIH HHS","27899567","PMC5210579","Y",NA,"GOC"
"NHGRI NIH HHS","24285300","PMC3964950","Y","upload","MGD"
"NHGRI NIH HHS","34698891","PMC8913530","Y",NA,"MGI"
"NHGRI NIH HHS","25428374","PMC4383971","Y","upload","UCSC Genome Browser"
"NHGRI NIH HHS","22102590","PMC3245120","Y",NA,"UniProtKB"
"NHGRI NIH HHS","24265222","PMC3965049","Y",NA,"SGD"
"NHGRI NIH HHS","28838067","PMC5886338","Y",NA,"ZFIN"
"NHGRI NIH HHS","26578592","PMC4702852","Y",NA,"PANTHER"
"NHGRI NIH HHS","22127867","PMC3245098","Y",NA,"FlyBase"
"NHGRI NIH HHS","30395267","PMC6324050","Y",NA,"RNAcentral"
"NHGRI NIH HHS","23203985","PMC3531169","Y","upload","Dfam"
"NHGRI NIH HHS","23143107","PMC3531201","Y","upload","ChiTaRS"
"NHGRI NIH HHS","33211869","PMC7779021","Y","deposit","Rfam"
"NHGRI NIH HHS","24194605","PMC3965043","Y",NA,"WormBase"
"NHGRI NIH HHS","32486891","PMC8204961","Y",NA,"Reactome"
"NHGRI NIH HHS","29126249","PMC5753278","Y","deposit","ENCODE"
"NHGRI NIH HHS","25361974","PMC4383899","Y","upload, deposit","ArrayExpress"
"NHGRI NIH HHS","30395331","PMC6323945","Y",NA,"GOC"
"NHGRI NIH HHS","30398656","PMC6323941","Y",NA,"InterPro"
"NHGRI NIH HHS","25348401","PMC4384027","Y","upload","MGD"
"NHGRI NIH HHS","29165610","PMC5753211","Y","upload","Gramene"
"NHGRI NIH HHS","23161681","PMC3531094","Y",NA,"UniProtKB"
"NHGRI NIH HHS","33170210","PMC7778988","Y",NA,"ZFIN"
"NHGRI NIH HHS","33106848","PMC7779037","Y",NA,"RNAcentral"
"NHGRI NIH HHS","22135293","PMC3245063","Y","deposit","GOLD"
"NHGRI NIH HHS","25414346","PMC4383979","Y",NA,"ChiTaRS"
"NHGRI NIH HHS","29069413","PMC5753391","Y",NA,"WormBase"
"NHGRI NIH HHS","29145629","PMC5753187","Y",NA,"Reactome"
"NHGRI NIH HHS","23193274","PMC3531152","Y",NA,"ENCODE"
"NHGRI NIH HHS","23161678","PMC3531070","Y","deposit, upload","GOC"
"NHGRI NIH HHS","26578600","PMC4702860","Y",NA,"MGD"
"NHGRI NIH HHS","24253303","PMC3965022","Y",NA,"UniProtKB"
"NHGRI NIH HHS","29140510","PMC5753351","Y",NA,"SGD"
"NHGRI NIH HHS","30407545","PMC6323962","Y",NA,"ZFIN"
"NHGRI NIH HHS","29155950","PMC5753206","Y",NA,"Ensembl"
"NHGRI NIH HHS","30407594","PMC6323939","Y","upload","PANTHER"
"NHGRI NIH HHS","22012987","PMC3197281","Y",NA,"Reactome"
"NHGRI NIH HHS","27899570","PMC5210536","Y","upload","MGD"
"NHGRI NIH HHS","25348405","PMC4384041","Y",NA,"UniProtKB"
"NHGRI NIH HHS","30407521","PMC6323964","Y","upload","Ensembl"
"NHGRI NIH HHS","24243840","PMC3965010","Y",NA,"Reactome"
"NHGRI NIH HHS","29092072","PMC5753350","Y","upload","MGD"
"NHGRI NIH HHS","31691826","PMC7145704","Y",NA,"Ensembl"
"NHGRI NIH HHS","30407599","PMC6323923","Y","upload","MGD"
"NHGRI NIH HHS","30395287","PMC6323992","Y",NA,"UniProtKB"
"NHGRI NIH HHS","33231642","PMC7779030","Y","upload","MGD"
"NHGRI NIH HHS","22086963","PMC3245178","Y","upload","Ensembl"
"NHGRI NIH HHS","34741192","PMC8570235","Y",NA,"RGD"
"National Institutes of Health","30239679","PMC6146126","Y","deposit, upload","AgBioData"
"National Institutes of Health","30371900","PMC6323951","Y",NA,"Ancestral Genomes"
"National Institutes of Health","32765587","PMC7379852","Y",NA,"Analysis of Breast Cancer GWAS"
"National Institutes of Health","31586392","PMC6943053","Y",NA,"APAatlas"
"National Institutes of Health","31210271","PMC6556980","Y",NA,"Chickspress"
"National Institutes of Health","33095860","PMC7778916","Y","upload","CNCDatabase"
"National Institutes of Health","32392296","PMC7319556","Y",NA,"CoCoCoNet"
"National Institutes of Health","30357367","PMC6323970","Y",NA,"CORUM"
"National Institutes of Health","32890396","PMC7778948","Y","deposit","CoV3D"
"National Institutes of Health","31725864","PMC7243923","Y",NA,"CRAFT"
"National Institutes of Health","33211888","PMC7778923","Y","deposit","CSEA-DB"
"National Institutes of Health","30371892","PMC6323925","Y",NA,"DrugCentral"
"National Institutes of Health","31612957","PMC7145614","Y","deposit, upload","DNAproDB"
"National Institutes of Health","33079988","PMC7778917","Y",NA,"DKK"
"National Institutes of Health","33119734","PMC7778963","Y",NA,"DescribePROT"
"National Institutes of Health","33174603","PMC7779073","Y",NA,"Datanator"
"National Institutes of Health","33787872","PMC8011435","Y","upload","Drugmonizome"
"National Institutes of Health","30407583","PMC6323909","Y",NA,"FusionGDB"
"National Institutes of Health","31642488","PMC7145592","Y",NA,"ExonSkipDB"
"National Institutes of Health","29028885","PMC5860212","Y","upload","HoTResDB"
"National Institutes of Health","30418591","PMC6323914","Y",NA,"HumanNet"
"National Institutes of Health","30445434","PMC6323933","Y","deposit","GWAS"
"National Institutes of Health","33119754","PMC7779069","Y",NA,"HeRA"
"National Institutes of Health","30535108","PMC6344845","Y",NA,"InteracDome"
"National Institutes of Health","31701147","PMC7145650","Y",NA,"LINCS"
"National Institutes of Health","33137204","PMC7779064","Y","deposit","KinaseMD"
"National Institutes of Health","33166392","PMC7778958","Y",NA,"LitCovid"
"National Institutes of Health","26322134","PMC4550642","Y",NA,"Metabolic In silico Network Expansions"
"National Institutes of Health","30764761","PMC6376684","Y",NA,"MDB"
"National Institutes of Health","30841849","PMC6402181","Y","deposit","mGAP"
"National Institutes of Health","31042284","PMC6493971","Y",NA,"Microbiome Learning Repo"
"National Institutes of Health","31612915","PMC7145714","Y","deposit","MIBiG"
"National Institutes of Health","31679514","PMC6827219","Y","deposit, upload","MaveDB"
"National Institutes of Health","31754718","PMC6943060","Y","upload","MiST"
"National Institutes of Health","33174596","PMC7778944","Y",NA,"MitoCarta"
"National Institutes of Health","31566225","PMC6943078","Y","deposit","OGRDB"
"National Institutes of Health","31647099","PMC7145667","Y",NA,"Pathway Commons"
"National Institutes of Health","27789569","PMC5391733","Y","upload","PMKB"
"National Institutes of Health","28862395","PMC5832521","Y",NA,"PMS_DN"
"National Institutes of Health","30805645","PMC6389863","Y",NA,"PKAD"
"National Institutes of Health","30329093","PMC6323911","Y","upload","REDfly"
"National Institutes of Health","31950189","PMC6966092","Y","deposit, upload","RNA Characterization of Secondary Structure Motifs"
"National Institutes of Health","31240309","PMC6954642","Y",NA,"TCR3d"
"National Institutes of Health","33035346","PMC7779015","Y","upload","tRFtarget"
"National Institutes of Health","33156327","PMC7778974","Y",NA,"TCRD"
"National Institutes of Health","34522848","PMC8428985","Y",NA,"ToppCell"
"National Institutes of Health","26227548","PMC4521349","Y",NA,"DOCKGROUND"
"National Institutes of Health","31598702","PMC6943068","Y",NA,"VISDB"
"National Institutes of Health","31680168","PMC7145616","Y","deposit","TSEA-DB"
"National Institutes of Health","30476227","PMC6324058","Y","deposit, upload","BioGRID"
"National Institutes of Health","31665425","PMC7145579","Y",NA,"TFBSshape"
"National Institutes of Health","31691815","PMC7145712","Y",NA,"Reactome"
"National Institutes of Health","31740966","PMC7145677","Y",NA,"EnhancerAtlas"
"National Institutes of Health","32558264","PMC7496199","Y",NA,"PDB"
"National Institutes of Health","33104772","PMC7778941","Y",NA,"GXD"
"National Institutes of Health","33290552","PMC7779012","Y",NA,"GOC"
"National Institutes of Health","33305318","PMC7778965","Y","deposit","PED"
"National Institutes of Health","33151287","PMC7779058","Y",NA,"DrugCentral"
"National Institutes of Health","33270111","PMC7778937","Y",NA,"GENCODE"
"National Institutes of Health","31114900","PMC6602498","Y",NA,"IEDB-AR"
"National Institutes of Health","31584097","PMC6943028","Y",NA,"IGSR"
"National Institutes of Health","31504780","PMC6943051","Y","deposit","miRDB"
"National Institutes of Health","31680153","PMC7145600","Y","upload","Plant Reactome"
"National Institutes of Health","33221922","PMC7779060","Y",NA,"UCSC Genome Browser"
"National Institutes of Health","33237286","PMC7778908","Y","deposit","UniProtKB"
"National Institutes of Health","33290554","PMC7778891","Y","upload","PANTHER"
"National Institutes of Health","30357350","PMC6324024","Y","deposit","Pfam"
"National Institutes of Health","31713622","PMC7061942","Y","deposit","ENCODE"
"National Institutes of Health","30395289","PMC6323896","Y","deposit","PRIDE"
"National Institutes of Health","31696236","PMC7145612","Y","upload","MPD"
"National Institutes of Health","30398643","PMC6323927","Y","deposit, upload","ChEMBL"
"National Institutes of Health","30395331","PMC6323945","Y",NA,"GOC"
"National Institutes of Health","33125071","PMC7779025","Y",NA,"GlyTouCan"
"National Institutes of Health","30476243","PMC6323986","Y","upload","STRING"
"National Institutes of Health","33166387","PMC7778961","Y","deposit","International Nucleotide Sequence Database Collaboration"
"National Institutes of Health","33170210","PMC7778988","Y",NA,"ZFIN"
"National Institutes of Health","33106848","PMC7779037","Y",NA,"RNAcentral"
"National Institutes of Health","33156333","PMC7778928","Y",NA,"InterPro"
"National Institutes of Health","30371825","PMC6324075","Y","deposit","PubChem"
"National Institutes of Health","30407545","PMC6323962","Y",NA,"ZFIN"
"National Institutes of Health","30407594","PMC6323939","Y","upload","PANTHER"
"National Institutes of Health","32128557","PMC7054198","Y",NA,"SGD"
"National Institutes of Health","33151290","PMC7778930","Y","deposit","PubChem"
"National Institutes of Health","33068428","PMC7779006","Y",NA,"CTD"
"National Institutes of Health","30407521","PMC6323964","Y","upload","Ensembl"
"National Institutes of Health","31691826","PMC7145704","Y",NA,"Ensembl"
"National Institutes of Health","30407599","PMC6323923","Y","upload","MGD"
"National Institutes of Health","30395287","PMC6323992","Y",NA,"UniProtKB"
"National Institutes of Health","33231642","PMC7779030","Y","upload","MGD"
"National Institutes of Health","31598706","PMC6943047","Y","upload, deposit","Ensembl"
"National Institutes of Health","31713623","PMC7145519","Y","upload","RGD"
"Intramural NIH HHS","22084196","PMC3245102","Y","deposit","BGMUT"
"Intramural NIH HHS","22139929","PMC3245069","Y","deposit, upload","BioProject"
"Intramural NIH HHS","23203889","PMC3531209","Y",NA,"Bookshelf"
"Intramural NIH HHS","23197659","PMC3531192","Y",NA,"CDD"
"Intramural NIH HHS","33086069","PMC7643325","Y",NA,"CellMiner-SCLC"
"Intramural NIH HHS","26582918","PMC4702865","Y","upload","ClinVar"
"Intramural NIH HHS","23193260","PMC3531087","Y","upload","Clone"
"Intramural NIH HHS","26438539","PMC4702947","Y","upload","CRISPRz"
"Intramural NIH HHS","23193291","PMC3531204","Y","deposit","DGVa"
"Intramural NIH HHS","24297256","PMC3965052","Y","deposit","dbGaP"
"Intramural NIH HHS","25010047","PMC4091869","Y","upload","GBM-BioDP"
"Intramural NIH HHS","22102591","PMC3245142","Y","deposit","IBIS"
"Intramural NIH HHS","22139925","PMC3245026","Y",NA,"GWASdb"
"Intramural NIH HHS","23193258","PMC3531084","Y","deposit","GEO"
"Intramural NIH HHS","23193275","PMC3531155","Y","upload","GTR"
"Intramural NIH HHS","24558441","PMC3928311","Y",NA,"HTD"
"Intramural NIH HHS","25982314","PMC4433719","Y",NA,"GermlncRNA"
"Intramural NIH HHS","31600197","PMC6786512","Y",NA,"iCite"
"Intramural NIH HHS","21873645","PMC3162744","Y",NA,"iRefIndex"
"Intramural NIH HHS","22139910","PMC3245000","Y","deposit, upload","NCBI Taxonomy"
"Intramural NIH HHS","23093593","PMC3531071","Y",NA,"PaVE"
"Intramural NIH HHS","22102570","PMC3245167","Y",NA,"ProPortal"
"Intramural NIH HHS","23284744","PMC3524254","Y","deposit","StRAP"
"Intramural NIH HHS","21177655","PMC3013748","Y",NA,"COMBREX"
"Intramural NIH HHS","22080546","PMC3244996","Y","deposit","International Nucleotide Sequence Database Collaboration"
"Intramural NIH HHS","23180778","PMC3531054","Y",NA,"ZInC"
"Intramural NIH HHS","24304891","PMC3965055","Y",NA,"Virus Variation"
"Intramural NIH HHS","25392405","PMC4383927","Y",NA,"non-human primate reference transcriptome resource"
"Intramural NIH HHS","22140110","PMC3245056","Y","deposit, upload","PubChem"
"Intramural NIH HHS","24259432","PMC3965018","Y","deposit","RefSeq"
"Intramural NIH HHS","24319143","PMC3965051","Y","deposit, upload","MMDB"
"Intramural NIH HHS","25352543","PMC4384043","Y","deposit","RNAcentral"
"Intramural NIH HHS","26657633","PMC4702924","Y","deposit","International Nucleotide Sequence Database Collaboration"
"Intramural NIH HHS","23203872","PMC3531109","Y","deposit","non-human primate reference transcriptome resource"
"Intramural NIH HHS","24198245","PMC3965008","Y","deposit, upload","PubChem"
"Intramural NIH HHS","26553804","PMC4702849","Y",NA,"RefSeq"
"Intramural NIH HHS","22135289","PMC3245041","Y","deposit, upload","MMDB"
"Intramural NIH HHS","23193287","PMC3531190","Y","deposit, upload","GenBank"
"Intramural NIH HHS","26400175","PMC4702940","Y","deposit, upload","PubChem"
"Intramural NIH HHS","31851420","PMC7378889","Y",NA,"CDD"
"Intramural NIH HHS","23180798","PMC3531182","Y",NA,"International Nucleotide Sequence Database Collaboration"
"Intramural NIH HHS","24316578","PMC3965038","Y","deposit, upload","RefSeq"
"Intramural NIH HHS","22121212","PMC3245008","Y",NA,"RefSeq"
"NIAID NIH HHS","30357390","PMC6323966","Y",NA,"ALEdb"
"NIAID NIH HHS","22080559","PMC3245136","Y","deposit","AspGD"
"NIAID NIH HHS","24214957","PMC3964981","Y","upload, deposit","bNAber"
"NIAID NIH HHS","24994456","PMC4094996","Y",NA,"BorreliaBase"
"NIAID NIH HHS","31649674","PMC6794461","Y","deposit","cAb-Rep"
"NIAID NIH HHS","29997612","PMC6030251","Y",NA,"CDG"
"NIAID NIH HHS","21760913","PMC3132748","Y",NA,"HelmCoP"
"NIAID NIH HHS","26510927","PMC4625622","Y",NA,"HAND"
"NIAID NIH HHS","29028885","PMC5860212","Y","upload","HoTResDB"
"NIAID NIH HHS","22260278","PMC3345175","Y","upload, deposit","IRD"
"NIAID NIH HHS","24203705","PMC3964974","Y",NA,"MetaRef"
"NIAID NIH HHS","26656948","PMC4702923","Y","upload","MG-RAST"
"NIAID NIH HHS","33780471","PMC8007038","Y","deposit","MCPdb"
"NIAID NIH HHS","21765097","PMC3157930","Y",NA,"PGAT"
"NIAID NIH HHS","29106626","PMC5753269","Y",NA,"PAMBD"
"NIAID NIH HHS","31566225","PMC6943078","Y","deposit","OGRDB"
"NIAID NIH HHS","22080514","PMC3245163","Y",NA,"PolymiRTS"
"NIAID NIH HHS","26602694","PMC4702905","Y","deposit","APD3"
"NIAID NIH HHS","30365026","PMC6324020","Y",NA,"Victors"
"NIAID NIH HHS","22139919","PMC3245159","Y",NA,"Nematode.net"
"NIAID NIH HHS","24194595","PMC3965050","Y",NA,"AspGD"
"NIAID NIH HHS","24270792","PMC3965083","Y",NA,"Gene3D"
"NIAID NIH HHS","31114900","PMC6602498","Y",NA,"IEDB-AR"
"NIAID NIH HHS","27679478","PMC5210613","Y",NA,"IRD"
"NIAID NIH HHS","31722416","PMC7145535","Y","upload","MEGARes"
"NIAID NIH HHS","24259431","PMC3964998","Y",NA,"VIOLIN"
"NIAID NIH HHS","33313778","PMC7779063","Y",NA,"VIPERdb"
"NIAID NIH HHS","23110173","PMC3480482","Y",NA,"SEED"
"NIAID NIH HHS","33151284","PMC7778994","Y","upload","DBAASP"
"NIAID NIH HHS","22067456","PMC3245182","Y","deposit, upload","FlyRNAi"
"NIAID NIH HHS","26433228","PMC4702944","Y",NA,"RPFdb"
"NIAID NIH HHS","27903906","PMC5210576","Y","upload","EuPathDB"
"NIAID NIH HHS","25428374","PMC4383971","Y","upload","UCSC Genome Browser"
"NIAID NIH HHS","25273106","PMC4287947","Y",NA,"PATRIC"
"NIDDK NIH HHS","25333826","PMC4340359","Y","upload","Complex Mixture Analysis by NMR"
"NIDDK NIH HHS","26393351","PMC4578941","Y",NA,"dkNET"
"NIDDK NIH HHS","27766955","PMC5073857","Y",NA,"e-GRASP"
"NIDDK NIH HHS","33079988","PMC7778917","Y",NA,"DKK"
"NIDDK NIH HHS","33787872","PMC8011435","Y","upload","Drugmonizome"
"NIDDK NIH HHS","22748121","PMC3472228","Y","upload","Genes2FANs"
"NIDDK NIH HHS","23794736","PMC3689438","Y",NA,"ESCAPE"
"NIDDK NIH HHS","24101916","PMC3787254","Y","upload","FunGene"
"NIDDK NIH HHS","28212602","PMC5314692","Y","upload","HAPPI"
"NIDDK NIH HHS","30418591","PMC6323914","Y",NA,"HumanNet"
"NIDDK NIH HHS","33125055","PMC7778921","Y",NA,"HbVar"
"NIDDK NIH HHS","33973408","PMC8111494","Y",NA,"hu.MAP"
"NIDDK NIH HHS","34859531","PMC9160216","Y","deposit","gnomAD"
"NIDDK NIH HHS","30397019","PMC6325894","Y","upload","iProteinDB"
"NIDDK NIH HHS","24203705","PMC3964974","Y",NA,"MetaRef"
"NIDDK NIH HHS","26322134","PMC4550642","Y",NA,"Metabolic In silico Network Expansions"
"NIDDK NIH HHS","33174596","PMC7778944","Y",NA,"MitoCarta"
"NIDDK NIH HHS","21890895","PMC3245162","Y","deposit, upload","OPM"
"NIDDK NIH HHS","26072489","PMC4553834","Y",NA,"PAGER"
"NIDDK NIH HHS","24288368","PMC3965039","Y","upload","RDP"
"NIDDK NIH HHS","30674925","PMC6344548","Y","deposit, upload","Smooth Muscle Transcriptome Browser"
"NIDDK NIH HHS","31672983","PMC6823428","Y","deposit","SPP"
"NIDDK NIH HHS","22067444","PMC3245101","Y",NA,"zfishbook"
"NIDDK NIH HHS","23180778","PMC3531054","Y",NA,"ZInC"
"NIDDK NIH HHS","32728249","PMC7410828","Y","deposit","ENCODE"
"NHLBI NIH HHS","23193282","PMC3531093","Y",NA,"Allen Brain Atlas"
"NHLBI NIH HHS","26602695","PMC4702907","Y",NA,"CRN"
"NHLBI NIH HHS","26946289","PMC4779341","Y","deposit","dbPEC"
"NHLBI NIH HHS","29485625","PMC5827688","Y","upload","Datasets2Tools"
"NHLBI NIH HHS","33787872","PMC8011435","Y","upload","Drugmonizome"
"NHLBI NIH HHS","27141961","PMC4987924","Y","upload, deposit","Enrichr"
"NHLBI NIH HHS","33119754","PMC7779069","Y",NA,"HeRA"
"NHLBI NIH HHS","33973408","PMC8111494","Y",NA,"hu.MAP"
"NHLBI NIH HHS","25707505","PMC4331710","Y","upload","IIIDB"
"NHLBI NIH HHS","31701147","PMC7145650","Y",NA,"LINCS"
"NHLBI NIH HHS","33514395","PMC7845113","Y",NA,"MPM"
"NHLBI NIH HHS","25102069","PMC4156235","Y","upload, deposit","Panorama"
"NHLBI NIH HHS","22086960","PMC3245149","Y",NA,"PrimerBank"
"NHLBI NIH HHS","24304897","PMC3965042","Y",NA,"PPD"
"NHLBI NIH HHS","24288368","PMC3965039","Y","upload","RDP"
"NHLBI NIH HHS","21296746","PMC3222152","Y","upload","RGD"
"NHLBI NIH HHS","22102583","PMC3245053","Y",NA,"MPD"
"NHLBI NIH HHS","23730305","PMC3657633","Y",NA,"SGR"
"NHLBI NIH HHS","33290552","PMC7779012","Y",NA,"GOC"
"NHLBI NIH HHS","25514926","PMC4383998","Y",NA,"PhosphoSitePlus"
"NHLBI NIH HHS","21321022","PMC3041158","Y",NA,"RGD"
"NHLBI NIH HHS","27587585","PMC5210607","Y","upload","REDIportal"
"NHLBI NIH HHS","24234451","PMC3965093","Y","deposit","IntAct"
"NHLBI NIH HHS","21520341","PMC3145015","Y",NA,"dbNSFP"
"NHLBI NIH HHS","30395267","PMC6324050","Y",NA,"RNAcentral"
"NHLBI NIH HHS","25428363","PMC4383984","Y","deposit","BioGRID"
"NHLBI NIH HHS","27980099","PMC5210573","Y","deposit, upload","BioGRID"
"NHLBI NIH HHS","23161678","PMC3531070","Y","deposit, upload","GOC"
"NHLBI NIH HHS","23603846","PMC3630803","Y","upload","RGD"
"NHLBI NIH HHS","23794737","PMC3689439","Y",NA,"RGD"
"NHLBI NIH HHS","25355511","PMC4383884","Y","upload","RGD"
"NHLBI NIH HHS","27602200","PMC4700298","Y","deposit","RGD"
"NHLBI NIH HHS","27736745","PMC5087824","Y","upload","RGD"
"NHLBI NIH HHS","31713623","PMC7145519","Y","upload","RGD"
"NHLBI NIH HHS","34741192","PMC8570235","Y",NA,"RGD"
"NLM NIH HHS","27050421","PMC4822787","Y",NA,"C-terminome"
"NLM NIH HHS","26519468","PMC4702820","Y",NA,"ccmGDB"
"NLM NIH HHS","32392296","PMC7319556","Y",NA,"CoCoCoNet"
"NLM NIH HHS","33211888","PMC7778923","Y","deposit","CSEA-DB"
"NLM NIH HHS","22110038","PMC3245038","Y","upload","GeneSigDB"
"NLM NIH HHS","22748121","PMC3472228","Y","upload","Genes2FANs"
"NLM NIH HHS","26567549","PMC4702823","Y",NA,"GEneSTATION"
"NLM NIH HHS","22058127","PMC3244993","Y","deposit","MACiE"
"NLM NIH HHS","31701147","PMC7145650","Y",NA,"LINCS"
"NLM NIH HHS","33137204","PMC7779064","Y","deposit","KinaseMD"
"NLM NIH HHS","33166392","PMC7778958","Y",NA,"LitCovid"
"NLM NIH HHS","22146221","PMC3245078","Y",NA,"MnM"
"NLM NIH HHS","27907895","PMC5210621","Y",NA,"mutLBSgeneDB"
"NLM NIH HHS","21624156","PMC3102890","Y",NA,"PHARE-KB"
"NLM NIH HHS","27733502","PMC5210619","Y","deposit","SZGR"
"NLM NIH HHS","29036590","PMC5753286","Y",NA,"TissGDB"
"NLM NIH HHS","23066107","PMC3531050","Y",NA,"TSGene"
"NLM NIH HHS","23175606","PMC3531061","Y",NA,"WholeCellKB"
"NLM NIH HHS","26590254","PMC4702906","Y",NA,"UET"
"NLM NIH HHS","31598702","PMC6943068","Y",NA,"VISDB"
"NLM NIH HHS","31680168","PMC7145616","Y","deposit","TSEA-DB"
"NLM NIH HHS","21447597","PMC3070428","Y",NA,"UniProtKB"
"NLM NIH HHS","26612867","PMC4702899","Y",NA,"Dfam"
"NLM NIH HHS","26590405","PMC4702895","Y",NA,"TSGene"
"NLM NIH HHS","22102590","PMC3245120","Y",NA,"UniProtKB"
"NLM NIH HHS","23203985","PMC3531169","Y","upload","Dfam"
"NLM NIH HHS","33211869","PMC7779021","Y","deposit","Rfam"
"NLM NIH HHS","33166387","PMC7778961","Y","deposit","International Nucleotide Sequence Database Collaboration"
"NLM NIH HHS","23161681","PMC3531094","Y",NA,"UniProtKB"
"NLM NIH HHS","33106848","PMC7779037","Y",NA,"RNAcentral"
"NLM NIH HHS","29069413","PMC5753391","Y",NA,"WormBase"
"NLM NIH HHS","24253303","PMC3965022","Y",NA,"UniProtKB"
"NLM NIH HHS","25348405","PMC4384041","Y",NA,"UniProtKB"
"NLM NIH HHS","33151290","PMC7778930","Y","deposit","PubChem"
"NIMH NIH HHS","23193282","PMC3531093","Y",NA,"Allen Brain Atlas"
"NIMH NIH HHS","23774715","PMC4162310","Y",NA,"Autism Brain Imaging Data Exchange"
"NIMH NIH HHS","32392296","PMC7319556","Y",NA,"CoCoCoNet"
"NIMH NIH HHS","26019122","PMC4651833","Y","upload","DX"
"NIMH NIH HHS","27907889","PMC5210614","Y",NA,"denovo-db"
"NIMH NIH HHS","33599246","PMC7904053","Y","upload","Gemma"
"NIMH NIH HHS","24217912","PMC3965098","Y","upload","HPO"
"NIMH NIH HHS","33439542","PMC7986414","Y","upload","HDG"
"NIMH NIH HHS","28592645","PMC5473744","Y","upload","ISVdb"
"NIMH NIH HHS","22140101","PMC3245019","Y",NA,"MethylomeDB"
"NIMH NIH HHS","26578589","PMC4702855","Y",NA,"ORegAnno"
"NIMH NIH HHS","29370821","PMC5785853","Y",NA,"PhenoDis"
"NIMH NIH HHS","31868683","PMC7029361","Y",NA,"QPN"
"NIMH NIH HHS","22171328","PMC3268245","Y",NA,"seeQTL"
"NIMH NIH HHS","23209562","PMC3509123","Y",NA,"Wiki-Pi"
"NIMH NIH HHS","22102583","PMC3245053","Y",NA,"MPD"
"NIMH NIH HHS","26590263","PMC4702889","Y",NA,"Lynx"
"NIMH NIH HHS","33221922","PMC7779060","Y",NA,"UCSC Genome Browser"
"NIMH NIH HHS","24270788","PMC3965040","Y",NA,"Lynx"
"NIMH NIH HHS","27587585","PMC5210607","Y","upload","REDIportal"
"NCATS NIH HHS","25378330","PMC4383918","Y",NA,"Binding MOAD"
"NCATS NIH HHS","25516260","PMC4320512","Y","deposit","Bioclock"
"NCATS NIH HHS","25190456","PMC4384000","Y",NA,"CCGD"
"NCATS NIH HHS","23630576","PMC3632540","Y","deposit, upload","CMS"
"NCATS NIH HHS","23172289","PMC3531180","Y",NA,"dictyBase"
"NCATS NIH HHS","23197658","PMC3531051","Y",NA,"DGA"
"NCATS NIH HHS","25951377","PMC4423993","Y",NA,"DeTEXT"
"NCATS NIH HHS","30371892","PMC6323925","Y",NA,"DrugCentral"
"NCATS NIH HHS","31509535","PMC6738582","Y","upload, deposit","GutFeelingKB"
"NCATS NIH HHS","31701147","PMC7145650","Y",NA,"LINCS"
"NCATS NIH HHS","27069559","PMC4810012","Y",NA,"MD-CTS"
"NCATS NIH HHS","34349127","PMC8338996","Y",NA,"MiREDiBase"
"NCATS NIH HHS","25102069","PMC4156235","Y","upload, deposit","Panorama"
"NCATS NIH HHS","33245774","PMC7778959","Y","upload","PAGER-CoV"
"NCATS NIH HHS","24223973","PMC3815155","Y",NA,"SWEETLEAD"
"NCATS NIH HHS","33035346","PMC7779015","Y","upload","tRFtarget"
"NCATS NIH HHS","33156327","PMC7778974","Y",NA,"TCRD"
"NCATS NIH HHS","26578587","PMC4702805","Y","upload","BioGPS"
"NCATS NIH HHS","26590263","PMC4702889","Y",NA,"Lynx"
"NCATS NIH HHS","33151287","PMC7779058","Y",NA,"DrugCentral"
"NCATS NIH HHS","27899567","PMC5210579","Y",NA,"GOC"
"NCATS NIH HHS","25378335","PMC4383883","Y","upload","MeT-DB"
"NCATS NIH HHS","23161678","PMC3531070","Y","deposit, upload","GOC"
"NCATS NIH HHS","30395287","PMC6323992","Y",NA,"UniProtKB"
"NCRR NIH HHS","23203874","PMC3531121","Y","upload","CIL-CCDB"
"NCRR NIH HHS","23197658","PMC3531051","Y",NA,"DGA"
"NCRR NIH HHS","26946289","PMC4779341","Y","deposit","dbPEC"
"NCRR NIH HHS","21177656","PMC3013751","Y","upload","Gene Expression Barcode"
"NCRR NIH HHS","22748121","PMC3472228","Y","upload","Genes2FANs"
"NCRR NIH HHS","23104379","PMC3531216","Y","deposit","GFDB"
"NCRR NIH HHS","22146221","PMC3245078","Y",NA,"MnM"
"NCRR NIH HHS","23674503","PMC3653121","Y",NA,"PhosphoGRID"
"NCRR NIH HHS","25309735","PMC4184313","Y","deposit","SkateBase"
"NCRR NIH HHS","22434841","PMC3308163","Y","upload","TGD"
"NCRR NIH HHS","24223973","PMC3815155","Y",NA,"SWEETLEAD"
"NCRR NIH HHS","26516187","PMC4702809","Y","deposit","SynLethDB"
"NCRR NIH HHS","22135298","PMC3245126","Y",NA,"PhosphoSitePlus"
"NCRR NIH HHS","25348409","PMC4383880","Y",NA,"Human Disease Ontology"
"NCRR NIH HHS","25392405","PMC4383927","Y",NA,"non-human primate reference transcriptome resource"
"NCRR NIH HHS","21447597","PMC3070428","Y",NA,"UniProtKB"
"NCRR NIH HHS","27924039","PMC5210654","Y","deposit","FlyRNAi"
"NCRR NIH HHS","23203872","PMC3531109","Y","deposit","non-human primate reference transcriptome resource"
"NCRR NIH HHS","24316576","PMC3964975","Y","upload","Ensembl"
"NCRR NIH HHS","22102590","PMC3245120","Y",NA,"UniProtKB"
"NIH HHS","34482425","PMC8913597","Y",NA,"CrePortal"
"NIH HHS","26503254","PMC4702815","Y","deposit","Digital Development"
"NIH HHS","29485625","PMC5827688","Y","upload","Datasets2Tools"
"NIH HHS","27664130","PMC5035502","Y",NA,"ENVO"
"NIH HHS","24217912","PMC3965098","Y","upload","HPO"
"NIH HHS","27899569","PMC5210519","Y",NA,"MEGARes"
"NIH HHS","30841849","PMC6402181","Y","deposit","mGAP"
"NIH HHS","31679514","PMC6827219","Y","deposit, upload","MaveDB"
"NIH HHS","23674503","PMC3653121","Y",NA,"PhosphoGRID"
"NIH HHS","28862395","PMC5832521","Y",NA,"PMS_DN"
"NIH HHS","24203712","PMC3965020","Y","upload","TISdb"
"NIH HHS","21276248","PMC3042413","Y",NA,"ZFNGenome"
"NIH HHS","23175606","PMC3531061","Y",NA,"WholeCellKB"
"NIH HHS","25348409","PMC4383880","Y",NA,"Human Disease Ontology"
"NIH HHS","25392405","PMC4383927","Y",NA,"non-human primate reference transcriptome resource"
"NIH HHS","27924039","PMC5210654","Y","deposit","FlyRNAi"
"NIH HHS","30476227","PMC6324058","Y","deposit, upload","BioGRID"
"NIH HHS","30407596","PMC6324060","Y",NA,"Cancer3D"
"NIH HHS","31722416","PMC7145535","Y","upload","MEGARes"
"NIH HHS","23203872","PMC3531109","Y","deposit","non-human primate reference transcriptome resource"
"NIH HHS","22067456","PMC3245182","Y","deposit, upload","FlyRNAi"
"NIH HHS","24285300","PMC3964950","Y","upload","MGD"
"NIH HHS","25428363","PMC4383984","Y","deposit","BioGRID"
"NIH HHS","25723102","PMC4310165","Y","upload","FANTOM5"
"NIH HHS","27980099","PMC5210573","Y","deposit, upload","BioGRID"
"NIH","33037820","PMC7778977","Y",NA,"Bgee"
"NIH","26019122","PMC4651833","Y","upload","DX"
"NIH","33995899","PMC8085783","Y","deposit, upload","DRscDB"
"NIH","33897975","PMC8050109","Y","deposit, upload","FGDB"
"NIH","29028885","PMC5860212","Y","upload","HoTResDB"
"NIH","31584092","PMC6943075","Y","deposit","PDBe-KB"
"NIH","34514416","PMC8428296","Y","upload","SCISSOR"
"NIH","33021634","PMC7778995","Y","upload","NDB"
"NIH","31722416","PMC7145535","Y","upload","MEGARes"
"NIH","33313778","PMC7779063","Y",NA,"VIPERdb"
"NIH","33211869","PMC7779021","Y","deposit","Rfam"
"NICHD NIH HHS","31680137","PMC7145539","Y","deposit","ANISEED"
"NICHD NIH HHS","23774715","PMC4162310","Y",NA,"Autism Brain Imaging Data Exchange"
"NICHD NIH HHS","22916227","PMC3423352","Y",NA,"CLEARPOND"
"NICHD NIH HHS","34482425","PMC8913597","Y",NA,"CrePortal"
"NICHD NIH HHS","26503254","PMC4702815","Y","deposit","Digital Development"
"NICHD NIH HHS","26946289","PMC4779341","Y","deposit","dbPEC"
"NICHD NIH HHS","27907889","PMC5210614","Y",NA,"denovo-db"
"NICHD NIH HHS","24150938","PMC3964962","Y",NA,"GEISHA"
"NICHD NIH HHS","33973408","PMC8111494","Y",NA,"hu.MAP"
"NICHD NIH HHS","29145608","PMC5753207","Y","upload","MeDReaders"
"NICHD NIH HHS","23110975","PMC3483533","Y","upload","MGI"
"NICHD NIH HHS","23125366","PMC3531164","Y","upload","Xenbase"
"NICHD NIH HHS","26476456","PMC4702785","Y",NA,"BiGG"
"NICHD NIH HHS","23730305","PMC3657633","Y",NA,"SGR"
"NICHD NIH HHS","33104772","PMC7778941","Y",NA,"GXD"
"NICHD NIH HHS","25313157","PMC4384024","Y","upload","Xenbase"
"NICHD NIH HHS","24316576","PMC3964975","Y","upload","Ensembl"
"NICHD NIH HHS","24163257","PMC3965015","Y",NA,"GXD"
"NICHD NIH HHS","34698891","PMC8913530","Y",NA,"MGI"
"National Human Genome Research Institute","30486838","PMC6260756","Y","deposit","CHESS"
"National Human Genome Research Institute","30357393","PMC6323946","Y",NA,"GENCODE"
"National Human Genome Research Institute","34859531","PMC9160216","Y","deposit","gnomAD"
"National Human Genome Research Institute","32345346","PMC7187508","Y","deposit","REPIC"
"National Human Genome Research Institute","34154643","PMC8215825","Y",NA,"TE Hub"
"National Human Genome Research Institute","31642470","PMC7145598","Y","upload, deposit","WormBase"
"National Human Genome Research Institute","33206959","PMC7673336","Y","upload","IntAct"
"National Human Genome Research Institute","33261662","PMC7709417","Y",NA,"dbNSFP"
"National Human Genome Research Institute","33290552","PMC7779012","Y",NA,"GOC"
"National Human Genome Research Institute","33221922","PMC7779060","Y",NA,"UCSC Genome Browser"
"National Human Genome Research Institute","33237286","PMC7778908","Y","deposit","UniProtKB"
"National Human Genome Research Institute","30304474","PMC6324057","Y",NA,"HGNC"
"National Human Genome Research Institute","33436076","PMC7805219","Y","upload","Dfam"
"National Human Genome Research Institute","31713622","PMC7061942","Y","deposit","ENCODE"
"National Human Genome Research Institute","33211869","PMC7779021","Y","deposit","Rfam"
"National Human Genome Research Institute","30395331","PMC6323945","Y",NA,"GOC"
"National Human Genome Research Institute","31691826","PMC7145704","Y",NA,"Ensembl"
"National Human Genome Research Institute","30395287","PMC6323992","Y",NA,"UniProtKB"
"National Human Genome Research Institute","33231642","PMC7779030","Y","upload","MGD"
"National Human Genome Research Institute","31598706","PMC6943047","Y","upload, deposit","Ensembl"
"National Human Genome Research Institute","34741192","PMC8570235","Y",NA,"RGD"
"National Institute of General Medical Sciences","30486838","PMC6260756","Y","deposit","CHESS"
"National Institute of General Medical Sciences","25333826","PMC4340359","Y","upload","Complex Mixture Analysis by NMR"
"National Institute of General Medical Sciences","33995899","PMC8085783","Y","deposit, upload","DRscDB"
"National Institute of General Medical Sciences","33973408","PMC8111494","Y",NA,"hu.MAP"
"National Institute of General Medical Sciences","25102069","PMC4156235","Y","upload, deposit","Panorama"
"National Institute of General Medical Sciences","29733404","PMC6030839","Y","upload","SPAR"
"National Institute of General Medical Sciences","32345346","PMC7187508","Y","deposit","REPIC"
"National Institute of General Medical Sciences","27188311","PMC4869249","Y","deposit","Structure Surfer"
"National Institute of General Medical Sciences","30871473","PMC6419456","Y",NA,"TADKB"
"National Institute of General Medical Sciences","33211851","PMC7779061","Y","deposit","WikiPathways"
"National Institute of General Medical Sciences","30668832","PMC6419920","Y",NA,"DASHR"
"National Institute of General Medical Sciences","33206959","PMC7673336","Y","upload","IntAct"
"National Institute of General Medical Sciences","33290552","PMC7779012","Y",NA,"GOC"
"National Institute of General Medical Sciences","33237286","PMC7778908","Y","deposit","UniProtKB"
"National Institute of General Medical Sciences","30395331","PMC6323945","Y",NA,"GOC"
"National Institute of General Medical Sciences","30476243","PMC6323986","Y","upload","STRING"
"National Institute of General Medical Sciences","30395287","PMC6323992","Y",NA,"UniProtKB"
"NIDA NIH HHS","26019122","PMC4651833","Y","upload","DX"
"NIDA NIH HHS","22276777","PMC3287127","Y",NA,"miRdSNP"
"NIDA NIH HHS","21890895","PMC3245162","Y","deposit, upload","OPM"
"NIDA NIH HHS","25102069","PMC4156235","Y","upload, deposit","Panorama"
"NIDA NIH HHS","31868683","PMC7029361","Y",NA,"QPN"
"NIDA NIH HHS","22067444","PMC3245101","Y",NA,"zfishbook"
"NIDA NIH HHS","31598702","PMC6943068","Y",NA,"VISDB"
"NIDA NIH HHS","22102583","PMC3245053","Y",NA,"MPD"
"NIDA NIH HHS","29136208","PMC5753241","Y",NA,"MPD"
"NIDA NIH HHS","27587585","PMC5210607","Y","upload","REDIportal"
"NIDA NIH HHS","31696236","PMC7145612","Y","upload","MPD"
"NINDS NIH HHS","23774715","PMC4162310","Y",NA,"Autism Brain Imaging Data Exchange"
"NINDS NIH HHS","23203874","PMC3531121","Y","upload","CIL-CCDB"
"NINDS NIH HHS","25953081","PMC4423410","Y",NA,"MIsoMine"
"NINDS NIH HHS","29145608","PMC5753207","Y","upload","MeDReaders"
"NINDS NIH HHS","23226127","PMC3508475","Y","upload, deposit","UCLA Multimodal Connectivity Database"
"NINDS NIH HHS","25392405","PMC4383927","Y",NA,"non-human primate reference transcriptome resource"
"NINDS NIH HHS","26590263","PMC4702889","Y",NA,"Lynx"
"NINDS NIH HHS","23203872","PMC3531109","Y","deposit","non-human primate reference transcriptome resource"
"NINDS NIH HHS","24270788","PMC3965040","Y",NA,"Lynx"
"NIA NIH HHS","30357367","PMC6323970","Y",NA,"CORUM"
"NIA NIH HHS","33174596","PMC7778944","Y",NA,"MitoCarta"
"NIA NIH HHS","33514395","PMC7845113","Y",NA,"MPM"
"NIA NIH HHS","25172923","PMC4253829","Y",NA,"Naked Mole Rat Genome Resource"
"NIA NIH HHS","29370821","PMC5785853","Y",NA,"PhenoDis"
"NIA NIH HHS","24194593","PMC3965025","Y",NA,"SelenoDB"
"NIA NIH HHS","29733404","PMC6030839","Y","upload","SPAR"
"NIA NIH HHS","24203712","PMC3965020","Y","upload","TISdb"
"NIA NIH HHS","27188311","PMC4869249","Y","deposit","Structure Surfer"
"NIA NIH HHS","23226127","PMC3508475","Y","upload, deposit","UCLA Multimodal Connectivity Database"
"NIA NIH HHS","22102583","PMC3245053","Y",NA,"MPD"
"NIA NIH HHS","30668832","PMC6419920","Y",NA,"DASHR"
"NIA NIH HHS","26553799","PMC4702848","Y",NA,"DASHR"
"NIA NIH HHS","31696236","PMC7145612","Y","upload","MPD"
"National Institute of Allergy and Infectious Diseases","30357390","PMC6323966","Y",NA,"ALEdb"
"National Institute of Allergy and Infectious Diseases","31649674","PMC6794461","Y","deposit","cAb-Rep"
"National Institute of Allergy and Infectious Diseases","33276297","PMC7679231","Y","upload, deposit","DBCOVP"
"National Institute of Allergy and Infectious Diseases","33780471","PMC8007038","Y","deposit","MCPdb"
"National Institute of Allergy and Infectious Diseases","33206959","PMC7673336","Y","upload","IntAct"
"National Institute of Allergy and Infectious Diseases","33290552","PMC7779012","Y",NA,"GOC"
"National Institute of Allergy and Infectious Diseases","33237286","PMC7778908","Y","deposit","UniProtKB"
"National Institute of Allergy and Infectious Diseases","33772585","PMC8001080","Y",NA,"IEDB"
"National Institute of Allergy and Infectious Diseases","33151284","PMC7778994","Y","upload","DBAASP"
"National Institute of Allergy and Infectious Diseases","31598706","PMC6943047","Y","upload, deposit","Ensembl"
"NIDCR NIH HHS","21544197","PMC3081323","Y","deposit","CORE"
"NIDCR NIH HHS","33119754","PMC7779069","Y",NA,"HeRA"
"NIDCR NIH HHS","29126312","PMC5753212","Y",NA,"Met-DB"
"NIDCR NIH HHS","31754718","PMC6943060","Y","upload","MiST"
"NIDCR NIH HHS","22759918","PMC3495204","Y",NA,"SSKB"
"NIDCR NIH HHS","22064862","PMC3245171","Y",NA,"CGD"
"NIDCR NIH HHS","31504780","PMC6943051","Y","deposit","miRDB"
"NIDCR NIH HHS","24185697","PMC3965001","Y",NA,"CGD"
"NIDCR NIH HHS","25428374","PMC4383971","Y","upload","UCSC Genome Browser"
"NIDCR NIH HHS","27738138","PMC5210628","Y",NA,"CGD"
"NIEHS NIH HHS","31133849","PMC6524730","Y","upload","BioPlanet"
"NIEHS NIH HHS","23630576","PMC3632540","Y","deposit, upload","CMS"
"NIEHS NIH HHS","24101916","PMC3787254","Y","upload","FunGene"
"NIEHS NIH HHS","28557712","PMC5644972","Y",NA,"ICE"
"NIEHS NIH HHS","25953081","PMC4423410","Y",NA,"MIsoMine"
"NIEHS NIH HHS","22171328","PMC3268245","Y",NA,"seeQTL"
"NIEHS NIH HHS","24288368","PMC3965039","Y","upload","RDP"
"NIEHS NIH HHS","23093600","PMC3531134","Y",NA,"CTD"
"NIEHS NIH HHS","25326323","PMC4384013","Y",NA,"CTD"
"NIEHS NIH HHS","27651457","PMC5210612","Y","deposit","CTD"
"NIEHS NIH HHS","30247620","PMC6323936","Y",NA,"CTD"
"NIEHS NIH HHS","33068428","PMC7779006","Y",NA,"CTD"
"NIEHS NIH HHS","29351546","PMC6014688","Y",NA,"CTD"
"NEI NIH HHS","28977551","PMC5753245","Y","deposit","AAgMarker"
"NEI NIH HHS","25887129","PMC4407391","Y",NA,"dbVOR"
"NEI NIH HHS","29036527","PMC5753381","Y","deposit, upload","iSyTE"
"NEI NIH HHS","22276777","PMC3287127","Y",NA,"miRdSNP"
"NIAAA NIH HHS","22080549","PMC3245070","Y","upload","GeneWeaver"
"NIAAA NIH HHS","31509535","PMC6738582","Y","upload, deposit","GutFeelingKB"
"NIAAA NIH HHS","24146757","PMC3795748","Y",NA,"SIDD"
"NIAAA NIH HHS","33035346","PMC7779015","Y","upload","tRFtarget"
"NIAAA NIH HHS","22135298","PMC3245126","Y",NA,"PhosphoSitePlus"
"NIAAA NIH HHS","25514926","PMC4383998","Y",NA,"PhosphoSitePlus"
"NIAMS NIH HHS","30407583","PMC6323909","Y",NA,"FusionGDB"
"NIAMS NIH HHS","31642488","PMC7145592","Y",NA,"ExonSkipDB"
"NIAMS NIH HHS","30397019","PMC6325894","Y","upload","iProteinDB"
"NIAMS NIH HHS","33174596","PMC7778944","Y",NA,"MitoCarta"
"National Institute of Mental Health","33599246","PMC7904053","Y","upload","Gemma"
"National Institute of Mental Health","29370821","PMC5785853","Y",NA,"PhenoDis"
"National Institute of Mental Health","33206959","PMC7673336","Y","upload","IntAct"
"CCR NIH HHS","33086069","PMC7643325","Y",NA,"CellMiner-SCLC"
"CCR NIH HHS","27377064","PMC4932684","Y",NA,"RID"
"CCR NIH HHS","27587585","PMC5210607","Y","upload","REDIportal"
"NIBIB NIH HHS","22275896","PMC3250631","Y","upload","COINS"
"NIBIB NIH HHS","26019122","PMC4651833","Y","upload","DX"
"NIBIB NIH HHS","33174603","PMC7779073","Y",NA,"Datanator"
"NIBIB NIH HHS","31868683","PMC7029361","Y",NA,"QPN"
"NIBIB NIH HHS","27899595","PMC5210595","Y","upload","PANTHER"
"National Institute on Aging","29370821","PMC5785853","Y",NA,"PhenoDis"
"National Institute on Aging","29733404","PMC6030839","Y","upload","SPAR"
"National Institute on Aging","30668832","PMC6419920","Y",NA,"DASHR"
"National Institute on Aging","33206959","PMC7673336","Y","upload","IntAct"
"National Institute on Aging","31696236","PMC7145612","Y","upload","MPD"
"National Cancer Institute","33086069","PMC7643325","Y",NA,"CellMiner-SCLC"
"National Cancer Institute","30202990","PMC6323922","Y",NA,"ChIPprimersDB"
"National Cancer Institute","30247654","PMC6323890","Y","deposit","HACER"
"National Cancer Institute","32986834","PMC7778927","Y",NA,"ModelSEED"
"National Cancer Institute","25102069","PMC4156235","Y","upload, deposit","Panorama"
"National Cancer Institute","27152146","PMC4857245","Y",NA,"NCRO"
"National Cancer Institute","32810235","PMC7778893","Y",NA,"PCAT"
"National Cancer Institute","33245774","PMC7778959","Y","upload","PAGER-CoV"
"National Cancer Institute","33206959","PMC7673336","Y","upload","IntAct"
"National Cancer Institute","33849445","PMC8045306","Y",NA,"TANTIGEN"
"National Cancer Institute","33151287","PMC7779058","Y",NA,"DrugCentral"
"National Cancer Institute","33237286","PMC7778908","Y","deposit","UniProtKB"
"National Cancer Institute","33290554","PMC7778891","Y","upload","PANTHER"
"National Heart, Lung, and Blood Institute","33973408","PMC8111494","Y",NA,"hu.MAP"
"National Heart, Lung, and Blood Institute","31701147","PMC7145650","Y",NA,"LINCS"
"National Heart, Lung, and Blood Institute","25102069","PMC4156235","Y","upload, deposit","Panorama"
"National Heart, Lung, and Blood Institute","33206959","PMC7673336","Y","upload","IntAct"
"National Heart, Lung, and Blood Institute","33290552","PMC7779012","Y",NA,"GOC"
"National Heart, Lung, and Blood Institute","33237286","PMC7778908","Y","deposit","UniProtKB"
"National Heart, Lung, and Blood Institute","30395331","PMC6323945","Y",NA,"GOC"
"National Heart, Lung, and Blood Institute","27602200","PMC4700298","Y","deposit","RGD"
"National Heart, Lung, and Blood Institute","31713623","PMC7145519","Y","upload","RGD"
"National Heart, Lung, and Blood Institute","34741192","PMC8570235","Y",NA,"RGD"
"National Institute for Health Research (NIHR)","31095607","PMC6522010","Y",NA,"CiliaCarta"
"National Institute for Health Research (NIHR)","24217912","PMC3965098","Y","upload","HPO"
"National Institute for Health Research (NIHR)","27976751","PMC5142601","Y","upload, deposit","Hepitopes"
"National Institute for Health Research (NIHR)","24297257","PMC3965063","Y","upload","NECTAR"
"National Institute for Health Research (NIHR)","25414323","PMC4383964","Y",NA,"AFND"
"National Institute of Diabetes and Digestive and Kidney Diseases","25333826","PMC4340359","Y","upload","Complex Mixture Analysis by NMR"
"National Institute of Diabetes and Digestive and Kidney Diseases","33973408","PMC8111494","Y",NA,"hu.MAP"
"National Institute of Diabetes and Digestive and Kidney Diseases","34859531","PMC9160216","Y","deposit","gnomAD"
"National Institute of Diabetes and Digestive and Kidney Diseases","33206959","PMC7673336","Y","upload","IntAct"
"National Institute of Diabetes and Digestive and Kidney Diseases","33290552","PMC7779012","Y",NA,"GOC"
"National Institute of Diabetes and Digestive and Kidney Diseases","33237286","PMC7778908","Y","deposit","UniProtKB"
"National Eye Institute","33206959","PMC7673336","Y","upload","IntAct"
"National Eye Institute","33290552","PMC7779012","Y",NA,"GOC"
"National Eye Institute","33237286","PMC7778908","Y","deposit","UniProtKB"
"FIC NIH HHS","23161692","PMC3531198","Y",NA,"SchistoDB"
"FIC NIH HHS","23457042","PMC3634192","Y",NA,"RCPedia"
"FIC NIH HHS","22116064","PMC3245062","Y",NA,"TDR Targets"
"National Institute of Health","34010390","PMC8132956","Y",NA,"Echinobase"
"National Institute of Health","27188311","PMC4869249","Y","deposit","Structure Surfer"
"National Institute of Health","30407596","PMC6324060","Y",NA,"Cancer3D"
"National Institute on Drug Abuse","31696236","PMC7145612","Y","upload","MPD"
"NIDCD NIH HHS","23774715","PMC4162310","Y",NA,"Autism Brain Imaging Data Exchange"
"NIMHD NIH HHS","24994456","PMC4094996","Y",NA,"BorreliaBase"
"NIMHD NIH HHS","25190456","PMC4384000","Y",NA,"CCGD"
"NIMHD NIH HHS","25378335","PMC4383883","Y","upload","MeT-DB"
